<?xml version="1.0" encoding="utf-8"?>
<!DOCTYPE hibernate-mapping PUBLIC "-//Hibernate/Hibernate Mapping DTD 3.0//EN"
"http://hibernate.sourceforge.net/hibernate-mapping-3.0.dtd">
<!-- 
    Mapping file autogenerated by MyEclipse Persistence Tools
-->
<hibernate-mapping>
    <class name="com.ecannetwork.dto.tech.BaiduYunPush" table="baidu_yun_push">
        <id name="id" type="java.lang.String">
            <column name="id" length="34" />
            <generator class="assigned" />
        </id>
        <property name="loginName" type="java.lang.String">
            <column name="login_name" length="34">
                <comment>用户登陆名</comment>
            </column>
        </property>
        <property name="userid" type="java.lang.String">
            <column name="userid" length="128">
                <comment>客户端userid</comment>
            </column>
        </property>
        <property name="channelid" type="java.lang.String">
            <column name="channelid" length="128">
                <comment>客户端channelid</comment>
            </column>
        </property>
        <property name="deviceType" type="java.lang.Integer">
            <column name="device_type" length="2">
                <comment>设备类型：3:android, 4:ios</comment>
            </column>
        </property>
    </class>
</hibernate-mapping>
