<?xml version="1.0" encoding="utf-8"?>
<!DOCTYPE hibernate-mapping PUBLIC "-//Hibernate/Hibernate Mapping DTD 3.0//EN"
"http://hibernate.sourceforge.net/hibernate-mapping-3.0.dtd">
<!-- Mapping file autogenerated by MyEclipse Persistence Tools -->
<hibernate-mapping>
	<class name="com.ecannetwork.dto.tech.EcanUserToken" table="ECAN_USER_TOKEN">
		<id name="id" type="java.lang.String">
			<column name="ID" length="32" />
			<generator class="assigned" />
		</id>
		<property name="token" type="java.lang.String">
			<column name="token" />
		</property>

		<property name="updateTime" type="java.util.Date">
			<column name="updateTime" />
		</property>
	</class>
</hibernate-mapping>
