<?xml version="1.0" encoding="utf-8"?>
<!DOCTYPE hibernate-mapping PUBLIC "-//Hibernate/Hibernate Mapping DTD 3.0//EN"
"http://hibernate.sourceforge.net/hibernate-mapping-3.0.dtd">
<!-- Mapping file autogenerated by MyEclipse Persistence Tools -->
<hibernate-mapping>
	<class name="com.ecannetwork.dto.tech.EcanUserMessage"
		table="ECAN_USER_MESSAGE">
		<id name="id" type="java.lang.String">
			<column name="ID" length="64" />
			<generator class="uuid.hex" />

		</id>
		<property name="mesid" type="java.lang.String">
			<column name="MES_ID" length="64" />
		</property>
		<property name="userid" type="java.lang.String">
			<column name="USER_ID" length="64" />
		</property>

		<property name="status" type="java.lang.String">
			<column name="MES_STATUS" length="16" />
		</property>
		<many-to-one class="com.ecannetwork.dto.tech.TechUserMessage" name="message" column="MES_ID" insert="false" update="false" fetch="join"/>
	</class>
</hibernate-mapping>