<?xml version="1.0" encoding="utf-8"?>
<!DOCTYPE hibernate-mapping PUBLIC "-//Hibernate/Hibernate Mapping DTD 3.0//EN"
"http://hibernate.sourceforge.net/hibernate-mapping-3.0.dtd">
<!-- Mapping file autogenerated by MyEclipse Persistence Tools -->
<hibernate-mapping>
	<class name="com.ecannetwork.dto.core.EcanAuth" table="ECAN_AUTH">
		<id name="id" type="java.lang.String">
			<column name="ID" length="32" />
			<generator class="uuid.hex" />
		</id>
		<property name="roleId" type="java.lang.String">
			<column name="ROLE_ID" length="32" />
		</property>
		<property name="appId" type="java.lang.String">
			<column name="APP_ID" length="32" />
		</property>
	</class>
</hibernate-mapping>
