<?xml version="1.0" encoding="utf-8"?>
<!DOCTYPE hibernate-mapping PUBLIC "-//Hibernate/Hibernate Mapping DTD 3.0//EN"
"http://hibernate.sourceforge.net/hibernate-mapping-3.0.dtd">
<!-- Mapping file autogenerated by MyEclipse Persistence Tools -->
<hibernate-mapping>
	<class name="com.ecannetwork.dto.core.EcanApp" table="ECAN_APP">
		<id name="id" type="java.lang.String">
			<column name="ID" length="32" />
			<generator class="uuid.hex" />
		</id>
		<property name="appName" type="java.lang.String">
			<column name="APP_NAME" length="200" />
		</property>
		<property name="appCode" type="java.lang.String">
			<column name="APP_CODE" length="32" />
		</property>
		<property name="levelCode" type="java.lang.String">
			<column name="LEVEL_CODE" length="32" />
		</property>
		<property name="funName" type="java.lang.String">
			<column name="FUN_NAME" length="200" />
		</property>
		<property name="funCode" type="java.lang.String">
			<column name="FUN_CODE" length="32" />
		</property>
		<property name="isOutside" type="java.lang.String">
			<column name="IS_OUTSIDE" length="10" />
		</property>
		<property name="outsideUrl" type="java.lang.String">
			<column name="OUTSIDE_URL" length="200" />
		</property>
		<property name="idx" type="java.lang.Integer">
			<column name="IDX" />
		</property>
	</class>
</hibernate-mapping>
