<?xml version="1.0" encoding="utf-8"?>
<!DOCTYPE hibernate-mapping PUBLIC "-//Hibernate/Hibernate Mapping DTD 3.0//EN"
"http://hibernate.sourceforge.net/hibernate-mapping-3.0.dtd">
<!-- 
    Mapping file autogenerated by MyEclipse Persistence Tools
-->
<hibernate-mapping>
    <class name="com.ecannetwork.dto.core.EcanRole" table="ECAN_ROLE">
        <id name="id" type="java.lang.String">
            <column name="ID" length="32" />
            <generator class="uuid.hex" />
        </id>
        <property name="name" type="java.lang.String">
            <column name="NAME" length="50" />
        </property>
        <property name="homeUrl" type="java.lang.String">
            <column name="HOME_URL" length="100" />
        </property>
        <property name="remark" type="java.lang.String">
            <column name="REMARK" length="65535" />
        </property>
    </class>
</hibernate-mapping>
