<?xml version="1.0" encoding="utf-8"?>
<!DOCTYPE hibernate-mapping PUBLIC "-//Hibernate/Hibernate Mapping DTD 3.0//EN"
"http://hibernate.sourceforge.net/hibernate-mapping-3.0.dtd">
<!-- Mapping file autogenerated by MyEclipse Persistence Tools -->
<hibernate-mapping>
	<class name="com.ecannetwork.dto.core.EcanUser" table="ECAN_USER">
		<id name="id" type="java.lang.String">
			<column name="ID" length="32" />
			<generator class="uuid.hex" />
		</id>
		<property name="name" type="java.lang.String">
			<column name="NAME" length="100" />
		</property>
		<property name="tel" type="java.lang.String">
			<column name="TEL" length="15" />
		</property>
		<property name="mobile" type="java.lang.String">
			<column name="MOBILE" length="11" />
		</property>
		<property name="email" type="java.lang.String">
			<column name="EMAIL" length="50" />
		</property>
		<property name="jobName" type="java.lang.String">
			<column name="JOB_NAME" length="10" />
		</property>
		<property name="company" type="java.lang.String">
			<column name="COMPANY" length="20" />
		</property>
		<property name="caller" type="java.lang.String">
			<column name="CALLER" length="20" />
		</property>
		<property name="position" type="java.lang.String">
			<column name="POSITION" length="20" />
		</property>
		<property name="nickName" type="java.lang.String">
			<column name="NICKNAME" length="50" />
		</property>
		<property name="information" type="java.lang.String">
			<column name="INFORMATION" length="100" />
		</property>
		<property name="birthday" type="java.lang.String">
			<column name="BIRTHDAY" length="20" />
		</property>
		<property name="loginName" type="java.lang.String">
			<column name="LOGIN_NAME" length="20" />
		</property>
		<property name="loginPasswd" type="java.lang.String">
			<column name="LOGIN_PASSWD" length="20" />
		</property>
		<property name="status" type="java.lang.String">
			<column name="STATUS" length="2" />
		</property>
		<property name="headImg" type="java.lang.String">
			<column name="HEAD_IMG" length="60" />
		</property>
		<property name="createTime" type="java.util.Date">
			<column name="CREATE_TIME" length="19" />
		</property>
		<property name="lastTime" type="java.util.Date">
			<column name="LAST_TIME" length="19" />
		</property>
		<property name="lang" type="java.lang.String">
			<column name="LANG" length="10" />
		</property>
		<property name="roleId" type="java.lang.String">
			<column name="ROLE_ID" length="32" />
		</property>
		<!--
			<property name="proType" type="java.lang.String"> <column
			name="PRO_TYPE" length="10" /> </property>
		-->
		<property name="sex" type="java.lang.String">
			<column name="SEX" length="4" />
		</property>
	</class>
</hibernate-mapping>
