<?xml version="1.0" encoding="utf-8"?>
<!DOCTYPE hibernate-mapping PUBLIC "-//Hibernate/Hibernate Mapping DTD 3.0//EN"
"http://hibernate.sourceforge.net/hibernate-mapping-3.0.dtd">
	<!-- Mapping file autogenerated by MyEclipse Persistence Tools -->
<hibernate-mapping>
	<class name="com.ecannetwork.dto.core.EcanI18NPropertiesDTO" table="ECAN_I18N_PROPERTIES">
		<id name="id" type="java.lang.String">
			<column name="ID" length="32" />
			<generator class="uuid.hex" />
		</id>
		<property name="langType" type="java.lang.String">
			<column name="LANG_TYPE" length="200" />
		</property>
		<property name="propertyId" type="java.lang.String">
			<column name="PROPERTY_ID" length="200" />
		</property>
		<property name="textValue" type="java.lang.String">
			<column name="TEXT_VALUE" />
		</property>
		<property name="appId" type="java.lang.String">
			<column name="APP_ID" />
		</property>

	</class>
</hibernate-mapping>
