<?xml version="1.0" encoding="utf-8"?>
<!DOCTYPE hibernate-mapping PUBLIC "-//Hibernate/Hibernate Mapping DTD 3.0//EN"
"http://hibernate.sourceforge.net/hibernate-mapping-3.0.dtd">
<!-- 
    Mapping file autogenerated by MyEclipse Persistence Tools
-->
<hibernate-mapping>
    <class name="com.ecannetwork.dto.tech.MwAppPlatForm" table="MW_APPPLATFORM" >
        <id name="id" type="java.lang.String">
            <column name="id" length="11" />
            <generator class="identity" />
            <!-- <generator class="uuid.hex" /> -->
        </id>
        <property name="version" type="java.lang.String">
            <column name="version" />
        </property>
        <property name="pkgid" type="java.lang.String">
            <column name="pkgid" />
        </property>
        <property name="name" type="java.lang.String">
            <column name="name" />
        </property>
        <property name="apkurl" type="java.lang.String">
            <column name="apkurl" />
        </property>
        <property name="iosurl" type="java.lang.String">
            <column name="iosurl" />
        </property>
        <property name="brand" type="java.lang.String">
            <column name="brand" />
        </property>
        <property name="proType" type="java.lang.String">
            <column name="proType" />
        </property>
        <property name="lastUpdateTime" type="java.util.Date">
            <column name="lastUpdateTime" />
        </property>
        <property name="status" type="java.lang.String">
            <column name="status" />
        </property>
        <property name="trianPlanId" type="java.lang.String">
            <column name="trianPlanId" />
        </property>
        <property name="remark" type="java.lang.String">
            <column name="remark" />
        </property>
        <property name="iconUrl" type="java.lang.String">
            <column name="iconUrl" />
        </property>
        <property name="valid" type="java.lang.String">
            <column name="valid" />
        </property>
        <property name="pkgType" type="java.lang.String">
            <column name="pkgType" />
        </property>
        <property name="versionCode" type="java.lang.Integer">
            <column name="versionCode" />
        </property>
        <property name="fileSize" type="java.lang.String">
            <column name="fileSize" />
        </property>
    </class>
</hibernate-mapping>
