<?xml version="1.0" encoding="utf-8"?>
<!DOCTYPE hibernate-mapping PUBLIC "-//Hibernate/Hibernate Mapping DTD 3.0//EN"
"http://hibernate.sourceforge.net/hibernate-mapping-3.0.dtd">
<!-- 
    Mapping file autogenerated by MyEclipse Persistence Tools
-->
<hibernate-mapping>
    <class name="com.ecannetwork.dto.tech.MwArticle" table="MW_ARTICLE" >
        <id name="id" type="java.lang.String">
            <column name="Id" length="11" />
            <generator class="identity" />
            <!-- <generator class="uuid.hex" /> -->
        </id>
        <property name="title" type="java.lang.String">
            <column name="Title" length="255" />
        </property>
        <property name="typeId" type="java.lang.String">
            <column name="TypeId" length="32" />
        </property>
        <property name="shareUsers" type="java.lang.String">
            <column name="ShareUsers" length="255" />
        </property>
        <property name="contents" type="java.lang.String">
            <column name="Contents" />
        </property>
        <property name="filePath" type="java.lang.String">
            <column name="FilePath" length="255" />
        </property>
        <property name="sort" type="java.lang.Integer">
            <column name="Sort" length="11" />
        </property>
        <property name="audit" type="java.lang.Integer">
            <column name="Audit" length="11" />
        </property>
        <property name="recoveryState" type="java.lang.Integer">
            <column name="RecoveryState" length="11" />
        </property>
        <property name="aid" type="java.lang.String">
            <column name="AId" length="32" />
        </property>
        <property name="updateTime" type="java.util.Date">
            <column name="UpdateTime" />
        </property>
        <property name="createTime" type="java.util.Date">
            <column name="CreateTime" />
        </property>
        <property name="fj" type="java.lang.String">
            <column name="FJ" />
        </property>
    </class>
</hibernate-mapping>
