<?xml version="1.0" encoding="utf-8"?>
<!DOCTYPE hibernate-mapping PUBLIC "-//Hibernate/Hibernate Mapping DTD 3.0//EN"
"http://hibernate.sourceforge.net/hibernate-mapping-3.0.dtd">
<!-- 
    Mapping file autogenerated by MyEclipse Persistence Tools
-->
<hibernate-mapping>
    <class name="com.ecannetwork.dto.tech.SellingPointConent" table="selling_point_conent">
        <id name="id" type="java.lang.String">
            <column name="id" />
            <generator class="assigned" />
        </id>
        <property name="title" type="java.lang.String">
            <column name="title" />
        </property>
        <property name="content" type="java.lang.String">
            <column name="content" length="65535" />
        </property>
        <property name="contentTag" type="java.lang.String">
            <column name="content_tag" length="65535" />
        </property>
        <property name="createTime" type="java.lang.String">
            <column name="create_time" length="64" />
        </property>
        <property name="contentSize" type="java.lang.Long">
            <column name="content_size" length="64" />
        </property>
         <property name="mainId" type="java.lang.String">
            <column name="main_id" length="64" />
        </property>
        	<many-to-one class="com.ecannetwork.dto.tech.SellingPointMain" name="mainPoint" column="main_id"  insert="false" update="false" fetch="join"/>
    </class>
</hibernate-mapping>
