<?xml version="1.0" encoding="utf-8"?>
<!DOCTYPE hibernate-mapping PUBLIC "-//Hibernate/Hibernate Mapping DTD 3.0//EN"
"http://hibernate.sourceforge.net/hibernate-mapping-3.0.dtd">
<!-- 
    Mapping file autogenerated by MyEclipse Persistence Tools
-->
<hibernate-mapping>
    <class name="com.ecannetwork.dto.tech.SellingPointFile" table="selling_point_file">
        <id name="id" type="java.lang.String">
            <column name="id" />
            <generator class="assigned" />
        </id>
        <property name="fileName" type="java.lang.String">
            <column name="file_name" length="128" />
        </property>
        <property name="tail" type="java.lang.String">
            <column name="tail" length="8" />
        </property>
        <property name="filePath" type="java.lang.String">
            <column name="file_path" />
        </property>
        <property name="createTime" type="java.lang.String">
            <column name="create_time" length="64" />
        </property>
        <property name="fileSize" type="java.lang.Long">
            <column name="file_size" />
        </property>
        <property name="fileType" type="java.lang.String">
            <column name="file_type" length="32" />
        </property>
    </class>
</hibernate-mapping>
