<?xml version="1.0" encoding="utf-8"?>
<!DOCTYPE hibernate-mapping PUBLIC "-//Hibernate/Hibernate Mapping DTD 3.0//EN"
"http://hibernate.sourceforge.net/hibernate-mapping-3.0.dtd">
<!-- 
    Mapping file autogenerated by MyEclipse Persistence Tools
-->
<hibernate-mapping>
    <class name="com.ecannetwork.dto.tech.SellingPointMain" table="selling_point_main">
        <id name="id" type="java.lang.String">
            <column name="id" length="34" />
            <generator class="uuid.hex" />
        </id>
        <property name="title" type="java.lang.String">
            <column name="title" />
        </property>
        <property name="createTime" type="java.lang.String">
            <column name="create_time" length="64" />
        </property>
        <property name="status" type="java.lang.String">
            <column name="status" length="10" />
        </property>
        <property name="contentId" type="java.lang.String">
            <column name="content_id" length="65535" />
        </property>
        <property name="customIndex" type="java.lang.String">
            <column name="custom_index" length="65535" />
        </property>
        <property name="pkgid" type="java.lang.String">
            <column name="pkgid" length="64" />
        </property>
    </class>
</hibernate-mapping>
