<?xml version="1.0" encoding="utf-8"?>
<!DOCTYPE hibernate-mapping PUBLIC "-//Hibernate/Hibernate Mapping DTD 3.0//EN"
"http://hibernate.sourceforge.net/hibernate-mapping-3.0.dtd">
<!-- 
    Mapping file autogenerated by MyEclipse Persistence Tools
-->
<hibernate-mapping>
    <class name="com.ecannetwork.dto.tech.TechTestingInstance" table="TECH_TESTING_INSTANCE">
        <id name="id" type="java.lang.String">
            <column name="ID" length="32" />
            <generator class="uuid.hex" />
        </id>
        <property name="studentId" type="java.lang.String">
            <column name="STUDENT_ID" length="32" />
        </property>
        <property name="courseInstanceId" type="java.lang.String">
            <column name="COURSE_INSTANCE_ID" length="32" />
        </property>
        <property name="courseId" type="java.lang.String">
            <column name="COURSE_ID" length="32" />
        </property>
        <property name="testingPoint" type="java.lang.Double">
            <column name="TESTING_POINT" precision="10" />
        </property>
        <property name="testingTime" type="java.util.Date">
            <column name="TESTING_TIME" length="19" />
        </property>
        <property name="isFinish" type="java.lang.String">
            <column name="IS_FINISH" length="10" />
        </property>
    </class>
</hibernate-mapping>
