<?xml version="1.0" encoding="utf-8"?>
<!DOCTYPE hibernate-mapping PUBLIC "-//Hibernate/Hibernate Mapping DTD 3.0//EN"
"http://hibernate.sourceforge.net/hibernate-mapping-3.0.dtd">
<!-- Mapping file autogenerated by MyEclipse Persistence Tools -->
<hibernate-mapping>
	<class name="com.ecannetwork.dto.tech.TechTrainCourse" table="TECH_TRAIN_COURSE">
		<id name="id" type="java.lang.String">
			<column name="ID" length="32" />
			<generator class="uuid.hex" />
		</id>
		<property name="name" type="com.ecannetwork.core.i18n.I18nTypeString">
			<column name="NAME" length="200">
				<comment>培训课程名称</comment>
			</column>
		</property>
		<property name="proType" type="java.lang.String">
			<column name="PRO_TYPE" length="10" />
		</property>
		<property name="brand" type="java.lang.String">
			<column name="BRAND" length="10" />
		</property>
		<property name="status" type="java.lang.String">
			<column name="STATUS" length="10" />
		</property>
		<property name="days" type="java.lang.String">
			<column name="DAYS" length="10" />
		</property>
		<property name="type" type="java.lang.String">
			<column name="TYPE" length="10" />
		</property>
	</class>
</hibernate-mapping>
