<?xml version="1.0" encoding="utf-8"?>
<!DOCTYPE hibernate-mapping PUBLIC "-//Hibernate/Hibernate Mapping DTD 3.0//EN"
"http://hibernate.sourceforge.net/hibernate-mapping-3.0.dtd">
<!-- Mapping file autogenerated by MyEclipse Persistence Tools -->
<hibernate-mapping>
	<class name="com.ecannetwork.dto.tech.TechMdttQustion" table="TechMdttQustion">
		<id name="id" type="java.lang.String">
			<column name="ID" />
			<generator class="uuid.hex" />
		</id>

		<property name="qusName" type="java.lang.String">
			<column name="qusName" />
		</property>
		<property name="qusType" type="java.lang.String">
			<column name="qusType" />
		</property>
	</class>
</hibernate-mapping>
