<?xml version="1.0" encoding="utf-8"?>
<!DOCTYPE hibernate-mapping PUBLIC "-//Hibernate/Hibernate Mapping DTD 3.0//EN"
"http://hibernate.sourceforge.net/hibernate-mapping-3.0.dtd">
<!-- 
    Mapping file autogenerated by MyEclipse Persistence Tools
-->
<hibernate-mapping>
    <class name="com.ecannetwork.dto.tech.TechCourseTestingDb" table="TECH_COURSE_TESTING_DB" >
        <id name="id" type="java.lang.String">
            <column name="ID" length="32" />
            <generator class="uuid.hex" />
        </id>
        <property name="title" type="java.lang.String">
            <column name="TITLE" length="65535" />
        </property>
        <property name="status" type="java.lang.String">
            <column name="STATUS" length="10" />
        </property>
        <property name="createTime" type="java.util.Date">
            <column name="CREATE_TIME" length="19" />
        </property>
        <property name="createUser" type="java.lang.String">
            <column name="CREATE_USER" length="200" />
        </property>
        <property name="answerType" type="java.lang.String">
            <column name="ANSWER_TYPE" length="10" />
        </property>
        
        <property name="proType" type="java.lang.String">
            <column name="PRO_TYPE" length="10" />
        </property>
        <property name="trainCourseId" type="java.lang.String">
            <column name="TRAIN_COURSE_ID" length="32" />
        </property>
        <property name="brand" type="java.lang.String">
            <column name="BRAND" length="10" />
        </property>
        <property name="moduleId" type="java.lang.String">
            <column name="MODULE_ID" length="32" />
        </property>
    </class>
</hibernate-mapping>
