<?xml version="1.0" encoding="utf-8"?>
<!DOCTYPE hibernate-mapping PUBLIC "-//Hibernate/Hibernate Mapping DTD 3.0//EN"
"http://hibernate.sourceforge.net/hibernate-mapping-3.0.dtd">
	<!-- Mapping file autogenerated by MyEclipse Persistence Tools -->
<hibernate-mapping>
	<class name="com.ecannetwork.dto.tech.TechTestRecord" table="TECH_TEST_RECORD">
		<id name="id" type="java.lang.String">
			<column name="ID" length="32" />
			<generator class="uuid.hex" />
		</id>
		<property name="userId" type="java.lang.String">
			<column name="USER_ID" length="32" />
		</property>
		<property name="testActiveId" type="java.lang.String">
			<column name="TEST_ACTIVE_ID" length="32" />
		</property>
		<property name="titleId" type="java.lang.String">
			<column name="TITLE_ID" length="32" />
		</property>
		<property name="answerId" type="java.lang.String">
			<column name="ANSWER_ID" length="200">
			</column>
		</property>
		<property name="testId" type="java.lang.String">
			<column name="TEST_ID" length="32" />
		</property>
	</class>
</hibernate-mapping>
