<?xml version="1.0" encoding="utf-8"?>
<!DOCTYPE hibernate-mapping PUBLIC "-//Hibernate/Hibernate Mapping DTD 3.0//EN"
"http://hibernate.sourceforge.net/hibernate-mapping-3.0.dtd">
	<!--
		Mapping file autogenerated by MyEclipse Persistence Tools
	-->
<hibernate-mapping>
	<class name="com.ecannetwork.dto.tech.TechTestActiveFeedback"
		table="TECH_TEST_ACTIVE_FEEDBACK">
		<id name="id" type="java.lang.String">
			<column name="ID" length="32" />
			<generator class="uuid.hex" />
		</id>
		<property name="userId" type="java.lang.String">
			<column name="USER_ID" length="32" />
		</property>
		<property name="dimension" type="java.lang.String">
			<column name="DIMENSION" length="32" />
		</property>

		<property name="testActiveId" type="java.lang.String">
			<column name="TEST_ACTIVE_ID" length="32" />
		</property>

		<property name="advantage" type="java.lang.String">
			<column name="ADVANTAGE" />
		</property>

		<property name="weakness" type="java.lang.String">
			<column name="WEAKNESS" />
		</property>

		<property name="lastModifyUser" type="java.lang.String">
			<column name="LAST_MODIFY_USER" />
		</property>

		<property name="lastModifyTime" type="java.util.Date">
			<column name="LAST_MODIFY_TIME" />
		</property>





	</class>
</hibernate-mapping>
