<?xml version="1.0" encoding="utf-8"?>
<!DOCTYPE hibernate-mapping PUBLIC "-//Hibernate/Hibernate Mapping DTD 3.0//EN"
"http://hibernate.sourceforge.net/hibernate-mapping-3.0.dtd">
<!-- 
    Mapping file autogenerated by MyEclipse Persistence Tools
-->
<hibernate-mapping>
    <class name="com.ecannetwork.dto.tech.TechTestActivePoint" table="TECH_TEST_ACTIVE_POINT" >
        <id name="id" type="java.lang.String">
            <column name="ID" length="32" />
            <generator class="uuid.hex" />
        </id>
        <property name="step" type="java.lang.String">
            <column name="STEP" length="10" />
        </property>
        <property name="dimension" type="java.lang.String">
            <column name="DIMENSION" length="32" />
        </property>
        <property name="watchUserId" type="java.lang.String">
            <column name="WATCH_USER_ID" length="32" />
        </property>
        <property name="userId" type="java.lang.String">
            <column name="USER_ID" length="32" />
        </property>
        <property name="points" type="java.lang.Double">
            <column name="POINTS" precision="10" />
        </property>
        
        <property name="testActiveId" type="java.lang.String">
            <column name="TEST_ACTIVE_ID" length="32" />
        </property>
        
    </class>
</hibernate-mapping>
