<?xml version="1.0" encoding="utf-8"?>
<!DOCTYPE hibernate-mapping PUBLIC "-//Hibernate/Hibernate Mapping DTD 3.0//EN"
"http://hibernate.sourceforge.net/hibernate-mapping-3.0.dtd">
<!--
	Mapping file autogenerated by MyEclipse Persistence Tools
-->
<hibernate-mapping>
	<class name="com.ecannetwork.dto.tech.TechResourseManager"
		table="TECH_RESOURSE_MANAGER">
		<id name="id" type="java.lang.String">
			<column name="ID" length="32" />
			<generator class="uuid.hex" />
		</id>
		<property name="resName" type="java.lang.String">
			<column name="RES_NAME" length="200" />
		</property>
		<property name="resType" type="java.lang.String">
			<column name="RES_TYPE" length="10" />
		</property>
		<property name="resSum" type="java.lang.Float">
			<column name="RES_SUM" precision="10" />
		</property>
		<property name="resRemark" type="java.lang.String">
			<column name="RES_REMARK" length="65535" />
		</property>
		<property name="idleSum" type="java.lang.Float">
			<column name="IDLE_SUM" precision="10" />
		</property>
		<property name="resStatus" type="java.lang.String">
			<column name="RES_STATUS" precision="10" />
		</property>
		<property name="status" type="java.lang.String">
			<column name="STATUS" precision="10" />
		</property>
	</class>
</hibernate-mapping>
