<?xml version="1.0" encoding="utf-8"?>
<!DOCTYPE hibernate-mapping PUBLIC "-//Hibernate/Hibernate Mapping DTD 3.0//EN"
"http://hibernate.sourceforge.net/hibernate-mapping-3.0.dtd">
<!-- 
    Mapping file autogenerated by MyEclipse Persistence Tools
-->
<hibernate-mapping>
    <class name="com.ecannetwork.dto.tech.TechQuestionSubitems" table="TECH_QUESTION_SUBITEMS">
        <id name="id" type="java.lang.String">
            <column name="ID" length="32" />
            <generator class="uuid.hex"></generator>
        </id>
        <property name="questionId" type="java.lang.String">
            <column name="QUESTION_ID" length="32" />
        </property>
        <property name="subitmesName" type="java.lang.String">
            <column name="SUBITMES_NAME" length="200" />
        </property>
        <property name="subitmesIdx" type="java.lang.Integer">
            <column name="SUBITMES_IDX" length="3" />
        </property>
        <property name="subitmeType" type="java.lang.String">
            <column name="SUBITME_TYPE" length="2" />
        </property>
        <property name="subitmeRemark" type="java.lang.String">
            <column name="SUBITME_REMARK" length="65535" />
        </property>
    </class>
</hibernate-mapping>
