<?xml version="1.0" encoding="utf-8"?>
<!DOCTYPE hibernate-mapping PUBLIC "-//Hibernate/Hibernate Mapping DTD 3.0//EN"
"http://hibernate.sourceforge.net/hibernate-mapping-3.0.dtd">
<!-- 
    Mapping file autogenerated by MyEclipse Persistence Tools
    讲师-课程对应关系
-->
<hibernate-mapping>
    <class name="com.ecannetwork.dto.tech.TechTeacherTrainCourse" table="TECH_TEACHER_TRAIN_COURSE" >
        <id name="id" type="java.lang.String">
            <column name="ID" length="32" />
            <generator class="uuid.hex" />
        </id>
        <property name="teacherId" type="java.lang.String">
            <column name="TEACHER_ID" length="32" />
        </property>
        <property name="trainCourseId" type="java.lang.String">
            <column name="TRAIN_COURSE_ID" length="32" />
        </property>
    </class>
</hibernate-mapping>
