<?xml version="1.0" encoding="utf-8"?>
<!DOCTYPE hibernate-mapping PUBLIC "-//Hibernate/Hibernate Mapping DTD 3.0//EN"
"http://hibernate.sourceforge.net/hibernate-mapping-3.0.dtd">
<!-- Mapping file autogenerated by MyEclipse Persistence Tools -->
<hibernate-mapping>
	<class name="com.ecannetwork.dto.tech.TechUserMessage"
		table="ECAN_MESSAGE">
		<id name="id" type="java.lang.String">
			<column name="MES_ID" length="32" />
			<generator class="uuid.hex" />
		</id>
		<property name="title" type="java.lang.String">
			<column name="MES_TITLE" length="64" />
		</property>
		<property name="content" type="java.lang.String">
			<column name="MES_CONTENT" length="255" />
		</property>
		<property name="status" type="java.lang.String">
			<column name="MES_STATUS" length="16" />
		</property>
		<property name="type" type="java.lang.String">
			<column name="MES_TYPE" length="16" />
		</property>
		<property name="mesTime" type="java.lang.String">
			<column name="MES_TIME"/>
		</property>
		<property name="createTime" type="java.lang.String">
			<column name="CREATE_TIME"/>
		</property>
		<property name="flag" type="java.lang.String">
			<column name="MES_FLAG" length="2" />
		</property>
		
	</class>
</hibernate-mapping>
