<?xml version="1.0" encoding="utf-8"?>
<!DOCTYPE hibernate-mapping PUBLIC "-//Hibernate/Hibernate Mapping DTD 3.0//EN"
"http://hibernate.sourceforge.net/hibernate-mapping-3.0.dtd">
	<!-- Mapping file autogenerated by MyEclipse Persistence Tools -->
<hibernate-mapping>
	<class name="com.ecannetwork.dto.tech.TechLMSRecord" table="TECH_LMS_RECORD">
		<id name="id" type="java.lang.String">
			<column name="ID" length="32" />
			<generator class="uuid.hex" />
		</id>
		<property name="courseIntanceId" type="java.lang.String">
			<column name="COURSE_INSTANCE_ID" length="32" />
		</property>
		<property name="channelId" type="java.lang.String">
			<column name="CHANNL_ID" length="32" />
		</property>

		<property name="lmsKey" type="java.lang.String">
			<column name="LMS_KEY" length="100" />
		</property>
		<property name="lmsValue" type="java.lang.String">
			<column name="LMS_VALUE" />
		</property>
		<property name="createTime" type="java.util.Date">
			<column name="CREATE_TIME" />
		</property>
		<property name="userId" type="java.lang.String">
			<column name="USER_ID" />
		</property>
	</class>
</hibernate-mapping>
