<?xml version="1.0" encoding="utf-8"?>
<!DOCTYPE hibernate-mapping PUBLIC "-//Hibernate/Hibernate Mapping DTD 3.0//EN"
"http://hibernate.sourceforge.net/hibernate-mapping-3.0.dtd">
<!-- Mapping file autogenerated by MyEclipse Persistence Tools -->
<hibernate-mapping>
	<class name="com.ecannetwork.dto.tech.TechCourseTesting" table="TECH_COURSE_TESTING">
		<id name="id" type="java.lang.String">
			<column name="ID" length="32" />
			<generator class="uuid.hex" />
		</id>
		<property name="courseId" type="java.lang.String">
			<column name="COURSE_ID" length="32" />
		</property>
		<property name="titleId" type="java.lang.String">
			<column name="TITLE_ID" length="32" />
		</property>

		<property name="idx" type="java.lang.Integer">
			<column name="IDX" />
		</property>
	</class>
</hibernate-mapping>
