<?xml version="1.0" encoding="utf-8"?>
<!DOCTYPE hibernate-mapping PUBLIC "-//Hibernate/Hibernate Mapping DTD 3.0//EN"
"http://hibernate.sourceforge.net/hibernate-mapping-3.0.dtd">
	<!--
		Mapping file autogenerated by MyEclipse Persistence Tools
	-->
<hibernate-mapping>
	<class name="com.ecannetwork.dto.tech.TechTrainCourseItem" table="TECH_TRAIN_COURSE_ITEM">
		<id name="id" type="java.lang.String">
			<column name="ID" length="32" />
			<generator class="uuid.hex" />
		</id>
		<property name="name" type="java.lang.String">
			<column name="NAME" length="100" />
		</property>
		
		<property name="trainCourseId" type="java.lang.String">
			<column name="TRAIN_COURSE_ID" length="32" />
		</property>
	</class>
</hibernate-mapping>
