<?xml version="1.0" encoding="utf-8"?>
<!DOCTYPE hibernate-mapping PUBLIC "-//Hibernate/Hibernate Mapping DTD 3.0//EN"
"http://hibernate.sourceforge.net/hibernate-mapping-3.0.dtd">
	<!--
		Mapping file autogenerated by MyEclipse Persistence Tools
	-->
<hibernate-mapping>
	<class name="com.ecannetwork.dto.tech.TechTestActiveStandard"
		table="TECH_TEST_ACTIVE_STANDARD">
		<id name="id" type="java.lang.String">
			<column name="ID" length="32" />
			<generator class="assigned" />
		</id>

		<property name="levelOne" type="java.lang.Double">
			<column name="LEVEL_ONE" precision="10" />
		</property>
		<property name="levelTwo" type="java.lang.Double">
			<column name="LEVEL_TWO" precision="10" />
		</property>
	</class>
</hibernate-mapping>
