<?xml version="1.0" encoding="utf-8"?>
<!DOCTYPE hibernate-mapping PUBLIC "-//Hibernate/Hibernate Mapping DTD 3.0//EN"
"http://hibernate.sourceforge.net/hibernate-mapping-3.0.dtd">
	<!--
		Mapping file autogenerated by MyEclipse Persistence Tools
	-->
<hibernate-mapping>
	<class name="com.ecannetwork.dto.tech.TechTrainPlanUser" table="TECH_TRAIN_PLAN_USER">
		<id name="id" type="java.lang.String">
			<column name="ID" length="32" />
			<generator class="uuid.hex" />
		</id>
		<property name="userType" type="java.lang.String">
			<column name="USER_TYPE" length="10" />
		</property>
		<property name="userId" type="java.lang.String">
			<column name="USER_ID" length="32" />
		</property>
		<property name="planId" type="java.lang.String">
			<column name="PLAN_ID" length="32" />
		</property>
	</class>
</hibernate-mapping>
