<?xml version="1.0" encoding="utf-8"?>
<!DOCTYPE hibernate-mapping PUBLIC "-//Hibernate/Hibernate Mapping DTD 3.0//EN"
"http://hibernate.sourceforge.net/hibernate-mapping-3.0.dtd">
<!-- Mapping file autogenerated by MyEclipse Persistence Tools -->
<hibernate-mapping>
	<class name="com.ecannetwork.dto.tech.TechHoliday" table="TECH_HOLIDAY">
		<id name="id" type="java.lang.String">
			<column name="ID" length="32" />
			<generator class="uuid.hex" />
		</id>
		<property name="beginDay" type="java.util.Date">
			<column name="BEGIN_DAY" length="19" />
		</property>
		<property name="endDay" type="java.util.Date">
			<column name="END_DAY" length="19" />
		</property>
		<property name="userId" type="java.lang.String">
			<column name="USER_ID" length="32">
				<comment>为空时表示公共假期</comment>
			</column>
		</property>
		<property name="remark" type="java.lang.String">
			<column name="REMARK" length="200" />
		</property>
	</class>
</hibernate-mapping>