<?xml version="1.0" encoding="utf-8"?>
<!DOCTYPE hibernate-mapping PUBLIC "-//Hibernate/Hibernate Mapping DTD 3.0//EN"
"http://hibernate.sourceforge.net/hibernate-mapping-3.0.dtd">
<!-- Mapping file autogenerated by MyEclipse Persistence Tools -->
<hibernate-mapping>
	<class name="com.ecannetwork.dto.tech.TechMdttAns" table="TechMdttAns">
		<id name="id" type="java.lang.String">
			<column name="id" />
			<generator class="uuid.hex" />
		</id>

		<property name="pkgID" type="java.lang.String">
			<column name="pkgID" />
		</property>
		<property name="menuID" type="java.lang.String">
			<column name="menuID" />
		</property>
		<property name="opt" type="java.lang.String">
			<column name="opt" />
		</property>
		<property name="questionID" type="java.lang.String">
			<column name="questionID" />
		</property>
		<property name="userID" type="java.lang.String">
			<column name="userID" />
		</property>
		<property name="ansTime" type="java.util.Date">
			<column name="ansTime" />
		</property>
	</class>
</hibernate-mapping>
