<?xml version="1.0" encoding="utf-8"?>
<!DOCTYPE hibernate-mapping PUBLIC "-//Hibernate/Hibernate Mapping DTD 3.0//EN"
"http://hibernate.sourceforge.net/hibernate-mapping-3.0.dtd">
<!-- 
    Mapping file autogenerated by MyEclipse Persistence Tools
-->
<hibernate-mapping>
    <class name="com.ecannetwork.dto.tech.TechStudentScoitem" table="TECH_STUDENT_SCOITEM" >
        <id name="id" type="java.lang.String">
            <column name="ID" length="32" />
            <generator class="uuid.hex" />
        </id>
        <property name="studentId" type="java.lang.String">
            <column name="STUDENT_ID" length="32" />
        </property>
        <property name="itemId" type="java.lang.String">
            <column name="ITEM_ID" length="32" />
        </property>
        <property name="courseId" type="java.lang.String">
            <column name="COURSE_ID" length="32" />
        </property>
        <property name="courseInstanceId" type="java.lang.String">
            <column name="COURSE_INSTANCE_ID" length="32" />
        </property>
    </class>
</hibernate-mapping>
