<?xml version="1.0" encoding="utf-8"?>
<!DOCTYPE hibernate-mapping PUBLIC "-//Hibernate/Hibernate Mapping DTD 3.0//EN"
"http://hibernate.sourceforge.net/hibernate-mapping-3.0.dtd">
	<!--
		Mapping file autogenerated by MyEclipse Persistence Tools
	-->
<hibernate-mapping>
	<class name="com.ecannetwork.dto.tech.TechCourseAttchment" table="TECH_COURSE_ATTCHMENT">
		<id name="id" type="java.lang.String">
			<column name="ID" length="32" />
			<generator class="assigned" />
		</id>
		<property name="courseId" type="java.lang.String">
			<column name="COURSE_ID" length="32" />
		</property>
		<property name="name" type="java.lang.String">
			<column name="NAME" length="200" />
		</property>
		<property name="url" type="java.lang.String">
			<column name="URL" length="200" />
		</property>
		<property name="uploadTime" type="java.util.Date">
			<column name="UPLOAD_TIME" length="19" />
		</property>
		<property name="uploadUser" type="java.lang.String">
			<column name="UPLOAD_USER" length="50" />
		</property>
		<property name="remark" type="java.lang.String">
			<column name="REMARK" length="65535" />
		</property>
	</class>
</hibernate-mapping>
