<?xml version="1.0" encoding="utf-8"?>
<!DOCTYPE hibernate-mapping PUBLIC "-//Hibernate/Hibernate Mapping DTD 3.0//EN"
"http://hibernate.sourceforge.net/hibernate-mapping-3.0.dtd">

<hibernate-mapping>
	<class name="com.ecannetwork.dto.tech.TechContentTag" table="ECAN_MAIN_TAG">
			<id name="id" type="java.lang.String">
					<column name="MAIN_ID" />
					<generator class="uuid.hex" />
			</id>
			<property name="tagName" type="java.lang.String">
					<column name="TAG_NAME" />
			</property>
			<property name="lastUpdateTime" type="java.util.Date">
					<column name="LASTUPDATETIME" />
			</property>
		
  </class>
</hibernate-mapping>