<?xml version="1.0" encoding="utf-8"?>
<!DOCTYPE hibernate-mapping PUBLIC "-//Hibernate/Hibernate Mapping DTD 3.0//EN"
"http://hibernate.sourceforge.net/hibernate-mapping-3.0.dtd">
<!-- 
    Mapping file autogenerated by MyEclipse Persistence Tools
-->
<hibernate-mapping>
    <class name="com.ecannetwork.dto.tech.TechResourseLog" table="TECH_RESOURSE_LOG">
        <id name="id" type="java.lang.String">
            <column name="ID" length="32" />
            <generator class="uuid.hex" />
        </id>
        <property name="resType" type="java.lang.String">
            <column name="RES_TYPE" length="10" />
        </property>
        <property name="resId" type="java.lang.String">
            <column name="RES_ID" length="32" />
        </property>
        <property name="logInfo" type="java.lang.String">
            <column name="LOG_INFO" length="500" />
        </property>
        <property name="resSum" type="java.lang.Float">
            <column name="RES_SUM" precision="10" scale="0" />
        </property>
        <property name="insertDate" type="java.util.Date">
            <column name="INSERT_DATE" length="19"/>
        </property>
        <property name="operName" type="java.lang.String">
            <column name="OPER_NAME" length="100" />
        </property>
          <property name="operType" type="java.lang.String">
            <column name="OPER_TYPE" length="10" />
        </property>
    </class>
</hibernate-mapping>
