<?xml version="1.0" encoding="utf-8"?>
<!DOCTYPE hibernate-mapping PUBLIC "-//Hibernate/Hibernate Mapping DTD 3.0//EN"
"http://hibernate.sourceforge.net/hibernate-mapping-3.0.dtd">
	<!--
		Mapping file autogenerated by MyEclipse Persistence Tools
	-->
<hibernate-mapping>
	<class name="com.ecannetwork.dto.tech.TechTestRecommend" table="TECH_TEST_RECOMMEND">
		<id name="id" type="java.lang.String">
			<column name="ID" length="32" />
			<generator class="uuid.hex" />
		</id>

		<property name="trainCourseId" type="java.lang.String">
			<column name="TRIAN_COURSE_ID" length="32" />
		</property>
		<property name="moduleId" type="java.lang.String">
			<column name="MODULE_ID" length="32" />
		</property>

		<property name="courseDays" type="java.lang.String">
			<column name="COURSE_DAYS" length="10" />
		</property>


		<property name="testActiveId" type="java.lang.String">
			<column name="TEST_ACTIVE_ID" length="32" />
		</property>

		<property name="userId" type="java.lang.String">
			<column name="USER_ID" length="32" />
		</property>




	</class>
</hibernate-mapping>
