<?xml version="1.0" encoding="utf-8"?>
<!DOCTYPE hibernate-mapping PUBLIC "-//Hibernate/Hibernate Mapping DTD 3.0//EN"
"http://hibernate.sourceforge.net/hibernate-mapping-3.0.dtd">

<hibernate-mapping>
	<class name="com.ecannetwork.dto.tech.TechMdttUnLock" table="TechMdttUnLock">
		<id name="id" type="java.lang.String">
			<column name="ID" />
			<generator class="uuid.hex" />
		</id>

		<property name="pkgID" type="java.lang.String">
			<column name="pkgID" />
		</property>
		<property name="menuID" type="java.lang.String">
			<column name="menuID" />
		</property>
		<property name="updateTime" type="java.util.Date">
			<column name="updateTime" />
		</property>
		<property name="planID" type="java.lang.String">
			<column name="planID" />
		</property>
	</class>
</hibernate-mapping>
