<?xml version="1.0" encoding="utf-8"?>
<!DOCTYPE hibernate-mapping PUBLIC "-//Hibernate/Hibernate Mapping DTD 3.0//EN"
"http://hibernate.sourceforge.net/hibernate-mapping-3.0.dtd">
<!--
	Mapping file autogenerated by MyEclipse Persistence Tools
-->
<hibernate-mapping>
	<class name="com.ecannetwork.dto.tech.TechConsumablesManager"
		table="TECH_CONSUMABLES_MANAGER">
		<id name="id" type="java.lang.String">
			<column name="ID" length="32" />
			<generator class="uuid.hex" />
		</id>
		<property name="conName" type="java.lang.String">
			<column name="CON_NAME" length="200" />
		</property>
		<property name="conType" type="java.lang.String">
			<column name="CON_TYPE" length="10" />
		</property>
		<property name="conSum" type="java.lang.Float">
			<column name="CON_SUM" precision="10" scale="0" />
		</property>
		<property name="conPrice" type="java.lang.Float">
			<column name="CON_PRICE" precision="10" scale="1" />
		</property>
		<property name="conRemark" type="java.lang.String">
			<column name="CON_REMARK" length="200" />
		</property>
		<property name="conStatus" type="java.lang.String">
			<column name="CON_status" length="10" />
		</property>
	</class>
</hibernate-mapping>
