<?xml version="1.0" encoding="utf-8"?>
<!DOCTYPE hibernate-mapping PUBLIC "-//Hibernate/Hibernate Mapping DTD 3.0//EN"
"http://hibernate.sourceforge.net/hibernate-mapping-3.0.dtd">
<!-- 
    Mapping file autogenerated by MyEclipse Persistence Tools
-->
<hibernate-mapping>
    <class name="com.ecannetwork.dto.tech.TechTestUser" table="TECH_TEST_USER" >
        <id name="id" type="java.lang.String">
            <column name="ID" length="32" />
            <generator class="uuid.hex" />
        </id>
        <property name="userId" type="java.lang.String">
            <column name="USER_ID" length="32" />
        </property>
        <property name="userType" type="java.lang.String">
            <column name="USER_TYPE" length="10" />
        </property>
        <property name="testActiveId" type="java.lang.String">
            <column name="TEST_ACTIVE_ID" length="32" />
        </property>
        <property name="pointCn" type="java.lang.Double">
            <column name="POINT_CN" precision="10" />
        </property>
        <property name="pointDe" type="java.lang.Double">
            <column name="POINT_DE" precision="10" />
        </property>
        <property name="comment" type="java.lang.String">
            <column name="COMMENT" length="65535" />
        </property>
        <property name="points" type="java.lang.Double">
            <column name="POINTS" precision="10" />
        </property>
        <property name="isSubmit" type="java.lang.String">
            <column name="IS_SUBMIT" length="10" />
        </property>
    </class>
</hibernate-mapping>
