<?xml version="1.0" encoding="utf-8"?>
<!DOCTYPE hibernate-mapping PUBLIC "-//Hibernate/Hibernate Mapping DTD 3.0//EN"
"http://hibernate.sourceforge.net/hibernate-mapping-3.0.dtd">
<!-- Mapping file autogenerated by MyEclipse Persistence Tools -->
<hibernate-mapping>
	<class name="com.ecannetwork.dto.tech.TechMdttG7CompetitorsDTO"
		table="TechMdttG7Competitors">
		<id name="id" type="java.lang.String">
			<column name="ID" length="100" />
			<generator class="assigned" />
		</id>
		<property name="userid" type="java.lang.String">
			<column name="userid" />
		</property>
		<property name="qid" type="java.lang.Integer">
			<column name="qid" />
		</property>
		<property name="value" type="java.lang.Integer">
			<column name="value" />
		</property>
		<property name="carid" type="java.lang.Integer">
			<column name="carid" />
		</property>
	</class>
</hibernate-mapping>
