<?xml version="1.0" encoding="utf-8"?>
<!DOCTYPE hibernate-mapping PUBLIC "-//Hibernate/Hibernate Mapping DTD 3.0//EN"
"http://hibernate.sourceforge.net/hibernate-mapping-3.0.dtd">
<!-- 
    Mapping file autogenerated by MyEclipse Persistence Tools
-->
<hibernate-mapping>
    <class name="com.ecannetwork.dto.tech.TechExamQuestion" table="tech_exam_question">
        <id name="id" type="java.lang.String">
            <column name="id" length="64" />
            <generator class="uuid.hex" />
        </id>
        <property name="title" type="java.lang.String">
            <column name="title" length="64" />
        </property>
        <property name="type" type="java.lang.String">
            <column name="type" />
        </property>
        <property name="flag" type="java.lang.Integer">
            <column name="flag" />
        </property>
        <property name="mainId" type="java.lang.String">
            <column name="main_id" length="64" />
        </property>
    </class>
</hibernate-mapping>
