<?xml version="1.0" encoding="utf-8"?>
<!DOCTYPE hibernate-mapping PUBLIC "-//Hibernate/Hibernate Mapping DTD 3.0//EN"
"http://hibernate.sourceforge.net/hibernate-mapping-3.0.dtd">
<!-- 
    Mapping file autogenerated by MyEclipse Persistence Tools
-->
<hibernate-mapping>
    <class name="com.ecannetwork.dto.tech.TechTestActive" table="TECH_TEST_ACTIVE" >
        <id name="id" type="java.lang.String">
            <column name="ID" length="32" />
            <generator class="uuid.hex" />
        </id>
        <property name="name" type="java.lang.String">
            <column name="NAME" length="200" />
        </property>
        <property name="creatTime" type="java.util.Date">
            <column name="CREAT_TIME" length="19" />
        </property>
        <property name="proType" type="java.lang.String">
            <column name="PRO_TYPE" length="10" />
        </property>
        <property name="brand" type="java.lang.String">
            <column name="BRAND" length="10" />
        </property>
        <property name="status" type="java.lang.String">
            <column name="STATUS" length="10" />
        </property>
        <property name="hosterId" type="java.lang.String">
            <column name="HOSTER_ID" length="32" />
        </property>
        <property name="mainManId" type="java.lang.String">
            <column name="MAIN_MAN_ID" length="32" />
        </property>
        <property name="testTimelimit" type="java.lang.Integer">
            <column name="TEST_TIMELIMIT" length="19" />
        </property>
        <property name="testCount" type="java.lang.Integer">
            <column name="TEST_COUNT" />
        </property>
        <property name="watchMens" type="java.lang.String">
            <column name="WATCH_MENS" />
        </property>
        <property name="finAddPoint" type="java.lang.String">
            <column name="FIN_ADD_POINT" />
        </property>
        <property name="finTest" type="java.lang.String">
            <column name="FIN_TEST" />
        </property>
    </class>
</hibernate-mapping>
