<?xml version="1.0" encoding="utf-8"?>
<!DOCTYPE hibernate-mapping PUBLIC "-//Hibernate/Hibernate Mapping DTD 3.0//EN"
"http://hibernate.sourceforge.net/hibernate-mapping-3.0.dtd">
<!-- 
    Mapping file autogenerated by MyEclipse Persistence Tools
-->
<hibernate-mapping>
    <class name="com.ecannetwork.dto.tech.TechmdttlnProgress" table="techmdttln_progress">
        <id name="id" type="java.lang.String">
            <column name="id" length="64" />
            <generator class="uuid.hex" />
        </id>
        <property name="mdttlnId" type="java.lang.String">
            <column name="mdttln_id" length="64" />
        </property>
        <property name="pkgid" type="java.lang.String">
            <column name="pkgid" length="64" />
        </property>
        <property name="userId" type="java.lang.String">
            <column name="user_id" length="64" />
        </property>
        <property name="progress" type="java.lang.String">
            <column name="progress" length="8" />
        </property>
    </class>
</hibernate-mapping>
