<?xml version="1.0" encoding="utf-8"?>
<!DOCTYPE hibernate-mapping PUBLIC "-//Hibernate/Hibernate Mapping DTD 3.0//EN"
"http://hibernate.sourceforge.net/hibernate-mapping-3.0.dtd">
<!-- Mapping file autogenerated by MyEclipse Persistence Tools -->
<hibernate-mapping>
	<class name="com.ecannetwork.dto.tech.TechScormPkg" table="TECH_SCORM_PKG">
		<id name="id" type="java.lang.String">
			<column name="ID" length="32" />
			<generator class="assigned" />
		</id>
		<property name="name" type="java.lang.String">
			<column name="NAME" length="200" />
		</property>
		<property name="brand" type="java.lang.String">
			<column name="BRAND" length="10" />
		</property>
		<property name="proType" type="java.lang.String">
			<column name="PROTYPE" length="10" />
		</property>
		<property name="contentType" type="java.lang.String">
			<column name="CONTENT_TYPE" length="10" />
		</property>
		<property name="status" type="java.lang.String">
			<column name="STATUS" length="10" />
		</property>
		<property name="preview" type="java.lang.String">
			<column name="PREVIEW" length="100" />
		</property>


		<property name="url" type="java.lang.String">
			<column name="URL" length="200" />
		</property>
		<property name="uploadTime" type="java.util.Date">
			<column name="UPLOAD_TIME" length="19" />
		</property>
		<property name="uploadUser" type="java.lang.String">
			<column name="UPLOAD_USER" length="50" />
		</property>
		<property name="remark" type="java.lang.String">
			<column name="REMARK" length="65535" />
		</property>
	</class>
</hibernate-mapping>
