<?xml version="1.0" encoding="utf-8"?>
<!DOCTYPE hibernate-mapping PUBLIC "-//Hibernate/Hibernate Mapping DTD 3.0//EN"
"http://hibernate.sourceforge.net/hibernate-mapping-3.0.dtd">
<!-- Mapping file autogenerated by MyEclipse Persistence Tools -->
<hibernate-mapping>
	<class name="com.ecannetwork.dto.tech.TechTrainPlan" table="TECH_TRAIN_PLAN">
		<id name="id" type="java.lang.String">
			<column name="ID" length="32" />
			<generator class="uuid.hex" />
		</id>
		<property name="trainId" type="java.lang.String">
			<column name="TRAIN_ID" length="32" />
		</property>
		<property name="yearValue" type="java.lang.String">
			<column name="YEAR_VALUE" length="10" />
		</property>
		<property name="planWeek" type="java.lang.Integer">
			<column name="PLAN_WEEK" />
		</property>
		<property name="techerId" type="java.lang.String">
			<column name="TECHER_ID" length="32" />
		</property>
		<property name="status" type="java.lang.String">
			<column name="STATUS" length="10" />
		</property>
		<property name="beginTime" type="java.util.Date">
			<column name="BEGIN_TIME" length="19" />
		</property>
		<property name="endTime" type="java.util.Date">
			<column name="END_TIME" length="19" />
		</property>
		<property name="brand" type="java.lang.String">
			<column name="BRAND" length="10" />
		</property>
		<property name="createUser" type="java.lang.String">
			<column name="CREATE_USER" length="32" />
		</property>
		<property name="moduleId" type="java.lang.String">
			<column name="MODULE_ID" length="32" />
		</property>
		<property name="createTime" type="java.util.Date">
			<column name="CREATE_TIME" length="19" />
		</property>
		<property name="remark" type="java.lang.String">
			<column name="REMARK" />
		</property>
		<property name="planDays" type="java.lang.String">
			<column name="PLAN_DAYS" />
		</property>
		<property name="planChged" type="java.lang.String">
			<column name="PLAN_CHGED" />
		</property>
		<property name="planQuesID" type="java.lang.String">
			<column name="PLAN_QUES_ID" />
		</property>
		<property name="cancelReason" type="java.lang.String">
			<column name="CANCEL_REASON" />
		</property>
	</class>
</hibernate-mapping>
