<?xml version="1.0" encoding="utf-8"?>
<!DOCTYPE hibernate-mapping PUBLIC "-//Hibernate/Hibernate Mapping DTD 3.0//EN"
"http://hibernate.sourceforge.net/hibernate-mapping-3.0.dtd">

<hibernate-mapping>
	<class name="com.ecannetwork.dto.tech.TechMdttLNPkg" table="techmdttln_courses">
			<id name="id" type="java.lang.String">
					<column name="id" />
					<generator class="uuid.hex" />
			</id>
			<property name="pkgid" type="java.lang.String">
					<column name="pkgid" />
			</property>
			<property name="pkgname" type="java.lang.String">
					<column name="pkgname" />
			</property>
			<property name="pkgfilepath" type="java.lang.String">
					<column name="pkgfilepath" />
			</property>
			<property name="mdttlnid" type="java.lang.String">
					<column name="mdttln_id" />
			</property>
			<many-to-one class="com.ecannetwork.dto.tech.TechMdttPkg" name="tmpkg" column="pkgid"  insert="false" update="false" fetch="join"/>
			<many-to-one class="com.ecannetwork.dto.tech.TechMdttLN" name="tmln" column="mdttln_id"  insert="false" update="false" fetch="join"/>
  </class>
</hibernate-mapping>