<?xml version="1.0" encoding="utf-8"?>
<!DOCTYPE hibernate-mapping PUBLIC "-//Hibernate/Hibernate Mapping DTD 3.0//EN"
"http://hibernate.sourceforge.net/hibernate-mapping-3.0.dtd">
<!--
	Mapping file autogenerated by MyEclipse Persistence Tools
-->
<hibernate-mapping>
	<class name="com.ecannetwork.dto.tech.TechConsumablesBatch"
		table="TECH_CONSUMABLES_BATCH">
		<id name="id" type="java.lang.String">
			<column name="ID" length="32" />
			<generator class="uuid.hex" />
		</id>
		<property name="batch" type="java.lang.String">
			<column name="BATCH" length="50" />
		</property>
		<property name="conPrice" type="java.lang.Float">
			<column name="CON_PRICE" precision="10" scale="1" />
		</property>
		<property name="userName" type="java.lang.String">
			<column name="USER_NAME" length="50"/>
		</property>
		<property name="conSum" type="java.lang.Float">
			<column name="CON_SUM" precision="10" scale="0" />
		</property>
		<property name="consumablesId" type="java.lang.String">
			<column name="CONSUMABLES_ID" length="32"/>
		</property>
		<property name="conRemark" type="java.lang.String">
			<column name="CON_REMARK" length="200" />
		</property>
		<property name="surplusSum" type="java.lang.Float">
			<column name="SURPLUS_SUM" precision="10" scale="0" />
		</property>
		<property name="conDate" type="java.util.Date">
			<column name="CON_DATE"/>
		</property>
	</class>
</hibernate-mapping>
