<?xml version="1.0" encoding="utf-8"?>
<!DOCTYPE hibernate-mapping PUBLIC "-//Hibernate/Hibernate Mapping DTD 3.0//EN"
"http://hibernate.sourceforge.net/hibernate-mapping-3.0.dtd">
<!-- 
	Mapping file autogenerated by MyEclipse Persistence Tools
-->
<hibernate-mapping>
	<class name="com.ecannetwork.dto.tech.TechSubitmesDb"
		table="TECH_SUBITMES_DB">
		<id name="id" type="java.lang.String">
			<column name="ID" length="32" />
			<generator class="uuid.hex"></generator>
		</id>
		<property name="subitmesId" type="java.lang.String">
			<column name="SUBITMES_ID" length="32" />
		</property>
		<property name="dbAnswer" type="java.lang.String">
			<column name="DB_ANSWER" length="10" />
		</property>
		<property name="dbAnswerUser" type="java.lang.String">
			<column name="DB_ANSWER_USER" length="32" />
		</property>
		<property name="dbAnswerDate" type="java.util.Date">
			<column name="DB_ANSWER_DATE" length="19" />
		</property>
		<property name="dbAnswerType" type="java.lang.String">
			<column name="DB_ANSWER_TYPE" length="2" />
		</property>
		<property name="questionId" type="java.lang.String">
			<column name="QUESTION_ID" length="32" />
		</property>
		<property name="dbAnswerContent" type="java.lang.String">
			<column name="DB_ANSWER_CONTENT" length="65535" />
		</property>
		<property name="planId" type="java.lang.String">
			<column name="PLAN_ID" length="32" />
		</property>
		 <property name="subitmesIdx" type="java.lang.Integer">
            <column name="SUBITMES_IDX" length="3" />
        </property>
	</class>
</hibernate-mapping>
