<?xml version="1.0" encoding="utf-8"?>
<!DOCTYPE hibernate-mapping PUBLIC "-//Hibernate/Hibernate Mapping DTD 3.0//EN"
"http://hibernate.sourceforge.net/hibernate-mapping-3.0.dtd">
<!-- Mapping file autogenerated by MyEclipse Persistence Tools -->
<hibernate-mapping>
	<class name="com.ecannetwork.dto.tech.TechUserCourseInfo"
		table="TECH_USER_COURSE_INFO">
		<id name="id" type="java.lang.String">
			<column name="ID" length="32" />
			<generator class="uuid.hex" />
		</id>
		<property name="userId" type="java.lang.String">
			<column name="USER_ID" length="32" />
		</property>
		<property name="courseId" type="java.lang.String">
			<column name="COURSE_ID" length="32" />
		</property>
	</class>
</hibernate-mapping>
