<?xml version="1.0" encoding="utf-8"?>
<!DOCTYPE hibernate-mapping PUBLIC "-//Hibernate/Hibernate Mapping DTD 3.0//EN"
"http://hibernate.sourceforge.net/hibernate-mapping-3.0.dtd">
<!-- 
    Mapping file autogenerated by MyEclipse Persistence Tools
-->
<hibernate-mapping>
    <class name="com.ecannetwork.dto.tech.TechQuestionManager" table="TECH_QUESTION_MANAGER">
        <id name="id" type="java.lang.String">
            <column name="ID" length="32" />
            <generator class="uuid.hex"></generator>
        </id>
        <property name="questionName" type="java.lang.String">
            <column name="QUESTION_NAME" length="65535" />
        </property>
        <property name="questionStatus" type="java.lang.String">
            <column name="QUESTION_STATUS" length="2" />
        </property>
        <property name="questionDate" type="java.util.Date">
            <column name="QUESTION_DATE" length="19" />
        </property>
        <property name="questionUser" type="java.lang.String">
            <column name="QUESTION_USER" length="32" />
        </property>
        <property name="questionRemark" type="java.lang.String">
            <column name="QUESTION_REMARK" length="65535" />
        </property>
        <property name="trainPlanId" type="java.lang.String">
        	<column name="TRAIN_PLAN_ID" length="32"></column>
        </property>
    </class>
</hibernate-mapping>
