<?xml version="1.0" encoding="utf-8"?>
<!DOCTYPE hibernate-mapping PUBLIC "-//Hibernate/Hibernate Mapping DTD 3.0//EN"
"http://hibernate.sourceforge.net/hibernate-mapping-3.0.dtd">
<!-- 
    Mapping file autogenerated by MyEclipse Persistence Tools
-->
<hibernate-mapping>
    <class name="com.ecannetwork.dto.tech.TechTest" table="TECH_TEST" >
        <id name="id" type="java.lang.String">
            <column name="ID" length="32" />
            <generator class="uuid.hex" />
        </id>
        <property name="testActiveId" type="java.lang.String">
            <column name="TEST_ACTIVE_ID" length="32" />
        </property>
        <property name="testAcviceTitleId" type="java.lang.String">
            <column name="TEST_ACVICE_TITLE_ID" length="32" />
        </property>
    </class>
</hibernate-mapping>
