<?xml version="1.0" encoding="utf-8"?>
<!DOCTYPE hibernate-mapping PUBLIC "-//Hibernate/Hibernate Mapping DTD 3.0//EN"
"http://hibernate.sourceforge.net/hibernate-mapping-3.0.dtd">
<!-- 
    Mapping file autogenerated by MyEclipse Persistence Tools
-->
<hibernate-mapping>
    <class name="com.ecannetwork.dto.tech.TechCourseTestingAnswer" table="TECH_COURSE_TESTING_ANSWER" >
        <id name="id" type="java.lang.String">
            <column name="ID" length="32" />
            <generator class="uuid.hex" />
        </id>
        <property name="testingId" type="java.lang.String">
            <column name="TESTING_ID" length="32" />
        </property>
        <property name="title" type="java.lang.String">
            <column name="TITLE" length="200" />
        </property>
        <property name="isRight" type="java.lang.String">
            <column name="IS_RIGHT" length="10" />
        </property>
         <property name="idx" type="java.lang.Integer">
            <column name="IDX" length="10" />
        </property>
    </class>
</hibernate-mapping>
