<?xml version="1.0" encoding="utf-8"?>
<!DOCTYPE hibernate-mapping PUBLIC "-//Hibernate/Hibernate Mapping DTD 3.0//EN"
"http://hibernate.sourceforge.net/hibernate-mapping-3.0.dtd">
<!-- Mapping file autogenerated by MyEclipse Persistence Tools -->
<hibernate-mapping>
	<class name="com.ecannetwork.dto.tech.TechMessageType"
		table="ECAN_MESSAGE_TYPE">
		<id name="id" type="java.lang.String">
			<column name="ID" length="32" />
			<generator class="uuid.hex" />
		</id>
		<property name="typeName" type="java.lang.String">
			<column name="TYPENAME" length="255" />
		</property>
		<property name="typeCode" type="java.lang.String">
			<column name="TYPECODE" length="16" />
		</property>
		<property name="status" type="java.lang.String">
			<column name="STATUS" length="16" />
		</property>
		<property name="lastUpdateTime" type="java.util.Date">
			<column name="lastupdatetime"/>
		</property>
	</class>
</hibernate-mapping>
