<?xml version="1.0" encoding="utf-8"?>
<!DOCTYPE hibernate-mapping PUBLIC "-//Hibernate/Hibernate Mapping DTD 3.0//EN"
"http://hibernate.sourceforge.net/hibernate-mapping-3.0.dtd">
<!-- Mapping file autogenerated by MyEclipse Persistence Tools -->
<hibernate-mapping>
	<class name="com.ecannetwork.dto.tech.TechBookCase"
		table="TECH_BOOK_CASE">
		<id name="id" type="java.lang.String">
			<column name="ID" length="64" />
			<generator class="uuid.hex" />
		</id>
		<property name="pkgid" type="java.lang.String">
			<column name="PKGID" length="100" />
		</property>
		<property name="status" type="java.lang.String">
			<column name="STATUS" length="2" />
		</property>
		<property name="type" type="java.lang.String">
			<column name="BOOK_TYPE" length="16" />
		</property>
		<property name="bookTime" type="java.lang.String">
			<column name="BOOK_TIME"/>
		</property>
		<property name="userid" type="java.lang.String">
			<column name="USER_ID" length="64" />
		</property>
	</class>
</hibernate-mapping>
