<?xml version="1.0" encoding="utf-8"?>
<!DOCTYPE hibernate-mapping PUBLIC "-//Hibernate/Hibernate Mapping DTD 3.0//EN"
"http://hibernate.sourceforge.net/hibernate-mapping-3.0.dtd">
<!-- 
    Mapping file autogenerated by MyEclipse Persistence Tools
-->
<hibernate-mapping>
    <class name="com.ecannetwork.dto.tech.TechCouseInstance" table="TECH_COUSE_INSTANCE" >
        <id name="id" type="java.lang.String">
            <column name="ID" length="32" />
            <generator class="uuid.hex" />
        </id>
        <property name="name" type="java.lang.String">
            <column name="NAME" length="32" />
        </property>
        <property name="teacher" type="java.lang.String">
            <column name="TEACHER" length="50" />
        </property>
        <property name="remark" type="java.lang.String">
            <column name="REMARK" length="65535" />
        </property>
        <property name="createTime" type="java.util.Date">
            <column name="CREATE_TIME" length="19" />
        </property>
        <property name="courseId" type="java.lang.String">
            <column name="COURSE_ID" length="32" />
        </property>
        <property name="status" type="java.lang.String">
            <column name="STATUS" length="2" />
        </property>
        <property name="expireTime" type="java.util.Date">
            <column name="EXPIRE_TIME" length="19">
                <comment>默认创建时间加一个月</comment>
            </column>
        </property>
        <property name="brand" type="java.lang.String">
			<column name="BRAND" length="10" />
		</property>
		<property name="proType" type="java.lang.String">
			<column name="PRO_TYPE" length="10" />
		</property>
		<property name="preview" type="java.lang.String">
			<column name="PREVIEW" length="100"/>
		</property>
    </class>
</hibernate-mapping>
