<?xml version="1.0" encoding="utf-8"?>
<!DOCTYPE hibernate-mapping PUBLIC "-//Hibernate/Hibernate Mapping DTD 3.0//EN"
"http://hibernate.sourceforge.net/hibernate-mapping-3.0.dtd">
<!-- Mapping file autogenerated by MyEclipse Persistence Tools -->
<hibernate-mapping>
	<class name="com.ecannetwork.dto.tech.TechCourseItem" table="TECH_COURSE_ITEM">
		<id name="id" type="java.lang.String">
			<column name="ID" length="32" />
			<generator class="uuid.hex" />
		</id>
		<property name="courseId" type="java.lang.String">
			<column name="COURSE_ID" length="32" />
		</property>
		<property name="indentify" type="java.lang.String">
			<column name="INDENTIFY" length="50" />
		</property>
		<property name="type" type="java.lang.String">
			<column name="TYPE" length="2" />
		</property>
		<property name="title" type="java.lang.String">
			<column name="TITLE" length="200" />
		</property>
		<property name="lanunch" type="java.lang.String">
			<column name="LANUNCH" length="200" />
		</property>
		<property name="parameterstring" type="java.lang.String">
			<column name="PARAMETERSTRING" length="200" />
		</property>
		<property name="datafromlms" type="java.lang.String">
			<column name="DATAFROMLMS" length="200" />
		</property>
		<property name="prerequisites" type="java.lang.String">
			<column name="PREREQUISITES" length="200" />
		</property>
		<property name="masteryscore" type="java.lang.String">
			<column name="MASTERYSCORE" length="200" />
		</property>
		<property name="maxtimeallowed" type="java.lang.String">
			<column name="MAXTIMEALLOWED" length="200" />
		</property>
		<property name="timelimitaction" type="java.lang.String">
			<column name="TIMELIMITACTION" length="200" />
		</property>
		<property name="idx" type="java.lang.String">
			<column name="IDX"/>
		</property>
		<property name="thelevel" type="java.lang.Integer">
			<column name="THELEVEL"/>
		</property>
	</class>
</hibernate-mapping>
