<?xml version="1.0" encoding="utf-8"?>
<!DOCTYPE hibernate-mapping PUBLIC "-//Hibernate/Hibernate Mapping DTD 3.0//EN"
"http://hibernate.sourceforge.net/hibernate-mapping-3.0.dtd">
<!-- 
    Mapping file autogenerated by MyEclipse Persistence Tools
-->
<hibernate-mapping>
    <class name="com.ecannetwork.dto.tech.TechExamProperty" table="tech_exam_property">
        <id name="id" type="java.lang.String">
            <column name="id" />
            <generator class="uuid.hex" />
        </id>
        <property name="score" type="java.lang.Integer">
            <column name="score" />
        </property>
        <property name="leftCount" type="java.lang.Integer">
            <column name="left_count" />
        </property>
        <property name="userid" type="java.lang.String">
            <column name="userid" length="32" />
        </property>
        <property name="mainId" type="java.lang.String">
            <column name="main_id" length="32" />
        </property>
    </class>
</hibernate-mapping>
