<?xml version="1.0" encoding="utf-8"?>
<!DOCTYPE hibernate-mapping PUBLIC "-//Hibernate/Hibernate Mapping DTD 3.0//EN"
"http://hibernate.sourceforge.net/hibernate-mapping-3.0.dtd">
<!-- Mapping file autogenerated by MyEclipse Persistence Tools -->
<hibernate-mapping>
	<class name="com.ecannetwork.dto.tech.TechMdttOption" table="TechMdttOption">
		<id name="id" type="java.lang.String">
			<column name="ID" />
			<generator class="uuid.hex" />
		</id>

		<property name="pkgID" type="java.lang.String">
			<column name="pkgID" />
		</property>
		<property name="optName" type="java.lang.String">
			<column name="optName" />
		</property>
		<property name="optID" type="java.lang.String">
			<column name="optID" />
		</property>
		<property name="qustionID" type="java.lang.String">
			<column name="qustionID" />
		</property>
	</class>
</hibernate-mapping>
