<?xml version="1.0" encoding="utf-8"?>
<!DOCTYPE hibernate-mapping PUBLIC "-//Hibernate/Hibernate Mapping DTD 3.0//EN"
"http://hibernate.sourceforge.net/hibernate-mapping-3.0.dtd">
<!-- 
    Mapping file autogenerated by MyEclipse Persistence Tools
-->
<hibernate-mapping>
    <class name="com.ecannetwork.dto.tech.TechExamMain" table="tech_exam_main">
        <id name="id" type="java.lang.String">
            <column name="id" length="64" />
            <generator class="uuid.hex" />
        </id>
        <property name="title" type="java.lang.String">
            <column name="title" length="64">
                <comment>题库名称</comment>
            </column>
        </property>
        <property name="timeFlag" type="java.lang.Integer">
            <column name="time_flag">
                <comment>无限制：-1；考试时间（分钟）：&gt;=0</comment>
            </column>
        </property>
        <property name="showAnswer" type="java.lang.Integer">
            <column name="show_answer">
                <comment>0,不显示答案；1，显示答案</comment>
            </column>
        </property>
        <property name="type" type="java.lang.Integer">
            <column name="type">
                <comment>试卷类型(int)：0、固定试卷；1、随机试卷</comment>
            </column>
        </property>
        <property name="singleScort" type="java.lang.Integer">
            <column name="single_scort">
                <comment>单选分值</comment>
            </column>
        </property>
        <property name="multiScort" type="java.lang.Integer">
            <column name="multi_scort">
                <comment>多选分值</comment>
            </column>
        </property>
        <property name="flag" type="java.lang.Integer">
            <column name="flag">
                <comment>是否启用：1、启用；0；不启用</comment>
            </column>
        </property>
        <property name="randomCount" type="java.lang.Integer">
            <column name="random_count">
                <comment>随机数量</comment>
            </column>
        </property>
        <property name="passLevel" type="java.lang.Integer">
            <column name="pass_level">
                <comment>及格分数</comment>
            </column>
        </property>
        <property name="leftCount" type="java.lang.Integer">
            <column name="left_count">
                <comment>考试次数</comment>
            </column>
        </property>
    </class>
</hibernate-mapping>
