<?xml version="1.0" encoding="utf-8"?>
<!DOCTYPE hibernate-mapping PUBLIC "-//Hibernate/Hibernate Mapping DTD 3.0//EN"
"http://hibernate.sourceforge.net/hibernate-mapping-3.0.dtd">
<!-- 
    Mapping file autogenerated by MyEclipse Persistence Tools
-->
<hibernate-mapping>
    <class name="com.ecannetwork.dto.tech.TechExamAnswer" table="tech_exam_answer">
        <id name="id" type="java.lang.String">
            <column name="id" length="64" />
            <generator class="uuid.hex" />
        </id>
        <property name="title" type="java.lang.String">
            <column name="title" length="64" />
        </property>
        <property name="isRight" type="java.lang.String">
            <column name="is_right" />
        </property>
        <property name="idx" type="java.lang.String">
            <column name="idx" />
        </property>
        <property name="quesId" type="java.lang.String">
            <column name="ques_id" length="64" />
        </property>
        <many-to-one class="com.ecannetwork.dto.tech.TechExamQuestion"  lazy="false" name="examQuestion" column="ques_id"  insert="false" update="false" fetch="join"/>
    </class>
</hibernate-mapping>
