<?xml version="1.0" encoding="utf-8"?>
<!DOCTYPE hibernate-mapping PUBLIC "-//Hibernate/Hibernate Mapping DTD 3.0//EN"
"http://hibernate.sourceforge.net/hibernate-mapping-3.0.dtd">
<!-- Mapping file autogenerated by MyEclipse Persistence Tools -->
<hibernate-mapping>
	<class name="com.ecannetwork.dto.tech.TechUserScoinfo" table="TECH_USER_SCOINFO">
		<id name="id" type="java.lang.String">
			<column name="ID" length="32" />
			<generator class="uuid.hex" />
		</id>
		<property name="userId" type="java.lang.String">
			<column name="USER_ID" length="32" />
		</property>
		<property name="courseId" type="java.lang.String">
			<column name="COURSE_ID" length="32" />
		</property>
		<property name="scoid" type="java.lang.String">
			<column name="SCOID" length="32" />
		</property>
		<property name="launch" type="java.lang.String">
			<column name="LAUNCH" length="200" />
		</property>
		<property name="parameterstring" type="java.lang.String">
			<column name="PARAMETERSTRING" length="200" />
		</property>
		<property name="TStatus" type="java.lang.String">
			<column name="T_STATUS" length="2" />
		</property>
		<property name="prerequisites" type="java.lang.String">
			<column name="PREREQUISITES" length="200" />
		</property>
		<property name="TExit" type="java.lang.String">
			<column name="T_EXIT" length="2" />
		</property>
		<property name="entry" type="java.lang.String">
			<column name="ENTRY" length="50" />
		</property>
		<property name="masteryscore" type="java.lang.String">
			<column name="MASTERYSCORE" length="200" />
		</property>
		<property name="idx" type="java.lang.String">
			<column name="IDX" length="2" />
		</property>
		<property name="TType" type="java.lang.String">
			<column name="T_TYPE" length="2" />
		</property>
	</class>
</hibernate-mapping>
