<?xml version="1.0" encoding="utf-8"?>
<!DOCTYPE hibernate-mapping PUBLIC "-//Hibernate/Hibernate Mapping DTD 3.0//EN"
"http://hibernate.sourceforge.net/hibernate-mapping-3.0.dtd">
	<!--
		Mapping file autogenerated by MyEclipse Persistence Tools
	-->
<hibernate-mapping>
	<class name="com.ecannetwork.dto.tech.TechTrainPlanResourse"
		table="TECH_TRAIN_PLAN_RESOURSE">
		<id name="id" type="java.lang.String">
			<column name="ID" length="32" />
			<generator class="uuid.hex" />
		</id>
		<property name="planType" type="java.lang.String">
			<column name="PLAN_TYPE" length="10">
				<comment>消耗品，常设</comment>
			</column>
		</property>
		<property name="planId" type="java.lang.String">
			<column name="PLAN_ID" length="32" />
		</property>
		<property name="resId" type="java.lang.String">
			<column name="RES_ID" length="32" />
		</property>
		<property name="resSum" type="java.lang.Float">
			<column name="RES_SUM" />
		</property>
	</class>
</hibernate-mapping>
