<?xml version="1.0" encoding="utf-8"?>
<!DOCTYPE hibernate-mapping PUBLIC "-//Hibernate/Hibernate Mapping DTD 3.0//EN"
"http://hibernate.sourceforge.net/hibernate-mapping-3.0.dtd">

<hibernate-mapping>
	<class name="com.ecannetwork.dto.tech.TechMdttLN" table="TechMdttLN">
			<id name="id" type="java.lang.String">
					<column name="ID" />
					<generator class="assigned" />
			</id>
			<property name="title" type="java.lang.String">
					<column name="title" />
			</property>
			<property name="style" type="java.lang.String">
					<column name="style" />
			</property>
			<property name="starttime" type="java.lang.String">
					<column name="starttime" />
			</property>
			<property name="endtime" type="java.lang.String">
					<column name="endtime" />
			</property>
			<property name="status" type="java.lang.String">
					<column name="status" />
			</property>
			<property name="userid" type="java.lang.String">
					<column name="userid" />
			</property>
			<property name="username" type="java.lang.String">
					<column name="username" />
			</property>
			<property name="courseware" type="java.lang.String">
					<column name="courseware" />
			</property>
			<property name="lastUpdateTime" type="java.util.Date">
					<column name="lastUpdateTime" />
			</property>
			<property name="type" type="java.lang.String">
					<column name="type" />
			</property>
  </class>
</hibernate-mapping>